"题目ID","任务名称","学科一级分类","学科二级分类","题目难度","任务概要","涉及的专业软件","包含的操作类型","任务prompt‼️","输入数据包（压缩包）‼️","reference（压缩包）‼️","关键标准答案‼️","关键动作","评分表（直接输入内容或使用txt文档）‼️","本项任务的环境依赖","相关专业软件的关键步骤","任务规格转化（excel或txt文档）","是否支持Windows","本地记录说明"
"","客服聊天室分片转写与投递缺口整理","Computing, Data & Mathematical Sciences 计算、数据与数学科学","软件工程","高","客服质检要把分散在日志分片中的聊天室消息整理成可追溯转写。作业使用Node.js归并重复副本和消息版本，按房间顺序恢复可见消息，对敏感内容遮盖，再把成员清单与投递回执关联，输出转写、遮盖动作、回执缺口和房间汇总。","Node.js","领域专业软件操作；文件和数据处理；脚本/命令/程序化处理；结果验证","客服质检正在整理一批脱敏聊天室日志。消息散落在多个分片中，日志顺序与对话顺序并不相同；同一消息可能有编辑、删除和重复副本，成员收到的投递回执也可能重复或缺失。请补全Node.js程序，整理出客服、商家运营和风控都能使用的审计材料。

输入位于input_data。shard_messages目录保存消息事件；room_members.csv记录审计期成员；receipt_log.csv是投递回执；moderation_rules.json按数组顺序定义敏感内容遮盖；starter/rebuild_chat_transcripts.mjs是待完成文件。README.md说明入口和材料用途。

同一业务事件的重复副本以除shard_event_id外的业务字段判定，只参与一次版本选择。同一room_id和msg_id按revision、server_ts、shard_event_id依次取最新事件；delete是最终版本时，不进入转写。每个房间按logical_seq和msg_id排列可见消息，并从1编排transcript_seq。

遮盖规则按文件顺序作用于最终可见文本。每次命中都要记录rule_id、kind、replacement和遮盖后的文本，动作报告不得保存命中原文。期望收件人是房间成员去掉发送者，投递回执按room_id、msg_id、recipient_id去重；没有回执的成员进入缺口明细。房间汇总从转写、遮盖动作和缺口明细归集，不能按房间名称预设结果。

把完成版保存为output/scripts/rebuild_chat_transcripts.mjs，在input_data目录运行npm run process。交付以下文件：
output/scripts/rebuild_chat_transcripts.mjs
output/reports/room_transcripts.ndjson
output/reports/moderation_actions.csv
output/reports/receipt_gaps.csv
output/reports/room_summary.csv

room_transcripts.ndjson供客服质检查看最终会话，moderation_actions.csv交给风控复核遮盖规则，receipt_gaps.csv交给消息平台排查漏投，room_summary.csv供运营核对各房间处理情况。所有报告使用输入中的业务时间，按各自主键稳定排序，全程离线处理。","输入数据包.zip","reference.zip","关键标准答案.xlsx","读取消息分片并按业务字段折叠重复事件。
按room_id和msg_id聚合版本，用revision、server_ts和shard_event_id选择最终事件。
排除最终删除的消息，按房间和logical_seq整理转写序号。
依次应用敏感内容规则，保存遮盖后文本和动作记录。
用成员清单确定期望收件人，按三字段业务键归并投递回执。
输出缺口明细，并从转写、遮盖动作和缺口关系归集房间汇总。","检查项：交付结构与Node.js入口
检查项内容：Prompt声明的完成程序和四份业务报告位于对应路径，入口由Node.js完成处理
标准答案：交付路径以Prompt为准，npm run process结束后报告可以解析
关键字段：Prompt声明的相对路径；入口退出状态；CSV表头；NDJSON对象字段
容差：路径大小写逐字比较，CSV允许必要引号及LF或CRLF行尾，NDJSON忽略对象键序
失败边界：声明文件缺失、报告不可解析、入口未运行Node.js或处理阶段访问外部服务
可观察证据：交付清单、Node.js退出状态、CSV表头和NDJSON结构
客观硬性标准：完成程序可读且入口正常结束
阈值：全部声明交付满足
优先级：Gate项
所属层级：L8运行验证或可执行行为层

检查项：事件去重与版本选择
检查项内容：折叠跨分片重复事件，并为每个消息业务键选择最终版本
标准答案：重复签名排除shard_event_id；room_id和msg_id确定消息组；最终版本按revision、server_ts、shard_event_id依次比较
关键字段：消息分片的shard_event_id、room_id、msg_id、revision、server_ts、event_type、logical_seq
容差：分片读取顺序可以不同，最终业务事件与版本选择必须一致
失败边界：重复副本被计入多次、按物理顺序选择版本、编辑未覆盖旧文本或最终delete进入转写
可观察证据：消息分片与room_transcripts.ndjson按消息业务键关联
客观硬性标准：每条可见消息都能回到唯一最终版本，删除事件不会产生可见转写
阈值：全部消息组满足
优先级：高权重项
所属层级：L5多源关联与字段一致性层

检查项：转写顺序与消息字段
检查项内容：每个房间独立整理可见消息顺序和连续转写序号
标准答案：房间内按logical_seq和msg_id排序，transcript_seq从1递增，文本和版本字段来自所选事件
关键字段：room_transcripts.ndjson的room_id、transcript_seq、msg_id、sender_id、final_text_masked、visible_revision、first_server_ts、latest_server_ts
容差：不同房间之间的物理顺序可以不同，房间内业务顺序和字段值必须一致
失败边界：房间归属错误、序号跳号、使用server_ts代替logical_seq排序或消息字段无法追溯
可观察证据：消息分片与room_transcripts.ndjson
客观硬性标准：每个房间的序号连续，消息身份和版本可从输入复算
阈值：全部可见消息满足
优先级：高权重项
所属层级：L6领域计算与专业规则层

检查项：敏感内容遮盖
检查项内容：按规则数组顺序处理最终文本，并记录每次命中的动作
标准答案：literal与regex采用各自匹配方式，后续规则接收前一条规则的遮盖结果；动作只保存遮盖后文本和规则信息
关键字段：moderation_rules.json的rule_id、kind、match_type、pattern、replacement；转写的moderation_flags；moderation_actions.csv
容差：动作按room_id、msg_id和规则顺序比较，文本与规则枚举精确
失败边界：漏遮、过度遮盖、规则次序错误、动作与转写不一致或动作报告泄露命中原文
可观察证据：规则文件、最终消息文本、moderation_actions.csv和room_transcripts.ndjson
客观硬性标准：每条动作能够定位到命中规则与消息，报告不含原文命中字段
阈值：全部规则命中满足
优先级：高权重项
所属层级：L6领域计算与专业规则层

检查项：回执归并与缺口定位
检查项内容：从房间成员推导期望收件人，归并回执并输出缺失成员
标准答案：发送者从房间成员中扣除；回执按room_id、msg_id、recipient_id去重；最终删除消息不参与投递缺口
关键字段：room_members.csv的room_id、user_id；receipt_log.csv的三字段业务键；receipt_gaps.csv；转写的delivered_count、expected_delivery_count、receipt_status
容差：缺口按room_id、msg_id和missing_recipient_id无序比较，计数字段精确
失败边界：发送者计入期望集合、重复回执重复计数、删除消息产生缺口或缺失成员定位错误
可观察证据：成员表、回执表、转写与receipt_gaps.csv按业务键关联
客观硬性标准：每条缺口均对应一个期望成员且输入中没有其唯一投递回执
阈值：全部可见消息满足
优先级：高权重项
所属层级：L5多源关联与字段一致性层

检查项：房间汇总与跨报告追溯
检查项内容：从事件版本、转写、遮盖动作和回执缺口归集房间指标
标准答案：可见、编辑、删除和遮盖消息由事件与明细归集；期望、送达、缺失和重复回执由成员与回执复算
关键字段：room_summary.csv全部业务列；三份明细报告的room_id、msg_id和动作或回执字段
容差：按room_id无序比较，计数使用整数且逐房间精确
失败边界：按房间名称写死结果、汇总与明细不闭合、编辑或删除归属错误，或缺口统计与明细冲突
可观察证据：消息分片、成员表、回执表、三份明细报告和room_summary.csv
客观硬性标准：每项房间指标都能由输入和明细复算
阈值：全部房间满足
优先级：Gate项
所属层级：L9跨产物一致性与可追溯层","Windows11、macOS13及主流64位Linux均受支持。主软件为Node.js20或更高兼容版本，需支持ESM以及node:fs、node:path、node:child_process和node:url。

项目不使用第三方npm包。package.json提供离线入口；PowerShell、Windows Terminal或系统终端可用于运行npm命令，CSV、NDJSON和JSON查看器可用于抽查报告。正式处理不连接真实聊天系统，也不需要额外账号或商业许可证。

输入目录需要读取权限，同级output目录需要写入权限。2核CPU、2GB内存和500MB可写磁盘可以处理随附材料。","打开shard_messages分片、room_members.csv、receipt_log.csv和moderation_rules.json，确认消息业务键、版本字段、成员关系和规则顺序。
在rebuild_chat_transcripts.mjs中解析JSONL与CSV，拒绝字段缺失、重复成员和不支持的事件类型。
为事件建立不含shard_event_id的业务签名，折叠重复副本后按room_id和msg_id建立版本组。
用revision、server_ts和shard_event_id选出最终事件，将最终delete排除在转写之外。
依次执行literal与regex遮盖，把命中规则写入转写和动作报告，不保存命中原文。
按房间与logical_seq生成转写序号，从成员集合扣除sender_id得到期望收件人。
按room_id、msg_id和recipient_id归并回执，生成缺口明细，再由业务明细聚合房间汇总。
在input_data目录运行npm run process，读取生成的NDJSON、CSV报告并检查业务关联。","任务规格转化.xlsx","是",""
